[
{
  "pk": 1, 
  "model": "survey.survey", 
  "fields": {
    "name": "Encuesta a Padres", 
    "description": ":)"
  }
},
{
  "pk": 2, 
  "model": "survey.survey", 
  "fields": {
    "name": "Encuesta a Maestros Estudiantes", 
    "description": ":3"
  }
},
{
  "pk": 1, 
  "model": "survey.question", 
  "fields": {
    "category": null, 
    "text": "Si usted no es el padre o la madre del estudiante, indique el parentesco que tiene con \u00e9l/ella", 
    "required": true, 
    "number": 3.0, 
    "choices": "", 
    "survey": 1, 
    "question_type": "text"
  }
},
{
  "pk": 2, 
  "model": "survey.question", 
  "fields": {
    "category": null, 
    "text": "Grado en el que est\u00e1 su hijo(a)", 
    "required": true, 
    "number": 9.0, 
    "choices": "Primero,\r\nSegundo,\r\nTercero,\r\nCuarto,\r\nQuinto,\r\nSexto,\r\nS\u00e9ptimo,\r\nOctavo,\r\nNoveno,\r\nD\u00e9cimo,\r\nOnce", 
    "survey": 1, 
    "question_type": "select"
  }
},
{
  "pk": 3, 
  "model": "survey.question", 
  "fields": {
    "category": null, 
    "text": "\u00bfCu\u00e1l es su m\u00e1ximo nivel educativo?", 
    "required": true, 
    "number": 10.0, 
    "choices": "Primaria incompleta,\r\nPrimaria completa,\r\nSecundaria incompleta,\r\nSecundaria completa,\r\nT\u00e9cnica incompleta,\r\nT\u00e9cnica completa,\r\nTecnol\u00f3gica incompleta,\r\nTecnol\u00f3gica completa,\r\nUniversidad incompleta,\r\nUniversidad completa,\r\nPostgrado", 
    "survey": 1, 
    "question_type": "select"
  }
},
{
  "pk": 4, 
  "model": "survey.question", 
  "fields": {
    "category": null, 
    "text": "T\u00edtulo obtenido", 
    "required": false, 
    "number": 10.1, 
    "choices": "", 
    "survey": 1, 
    "question_type": "text"
  }
},
{
  "pk": 5, 
  "model": "survey.question", 
  "fields": {
    "category": null, 
    "text": "\u00bfCu\u00e1l es su ocupaci\u00f3n actual?", 
    "required": true, 
    "number": 11.0, 
    "choices": "Empresario,\r\nComerciante (propietario de tienda de comestibles o de peque\u00f1o negocio de venta de productos o servicios),\r\nTrabajador del Estado,\r\nT\u00e9cnico (trabajador asalariado o independiente con calificaci\u00f3n t\u00e9cnica como electricista; mecanico; soldador; panadero),\r\nObrero (trabajador no calificado y asalariado; por ejemplo obrero de construcci\u00f3n o de una f\u00e1brica),\r\nArtesano (carpintero; costurera; sastre; zapatero),\r\nEmpleado de servicios personales (trabajadoras del hogar; vigilantes; conductor asalariado; mensajero),\r\nTrabajador Informal,\r\nOficios del Hogar (tareas dom\u00e9sticas del propio hogar),\r\nJubilado,\r\nDesempleado", 
    "survey": 1, 
    "question_type": "radio"
  }
},
{
  "pk": 6, 
  "model": "survey.question", 
  "fields": {
    "category": null, 
    "text": "\u00bfActualmente utiliza computador? \u00bfCon qu\u00e9 frecuencia lo utiliza?", 
    "required": true, 
    "number": 13.0, 
    "choices": "De 4 a 7 d\u00edas a la semana,\r\n3 d\u00edas a la semana,\r\n2 d\u00edas a la semana,\r\n1 d\u00eda a la semana,\r\nCasi nunca,\r\nNunca", 
    "survey": 1, 
    "question_type": "radio"
  }
},
{
  "pk": 7, 
  "model": "survey.question", 
  "fields": {
    "category": null, 
    "text": "\u00bfActualmente utiliza Internet? \u00bfCon qu\u00e9 frecuencia lo utiliza?", 
    "required": true, 
    "number": 15.0, 
    "choices": "De 4 a 7 d\u00edas a la semana,\r\n3 d\u00edas a la semana,\r\n2 d\u00edas a la semana,\r\n1 d\u00eda a la semana,\r\nCasi nunca,\r\nNunca", 
    "survey": 1, 
    "question_type": "radio"
  }
},
{
  "pk": 8, 
  "model": "survey.question", 
  "fields": {
    "category": null, 
    "text": "\u00bfQu\u00e9 opina sobre que su hijo(a) haga las tareas con ayuda de Internet?", 
    "required": true, 
    "number": 16.0, 
    "choices": "Es m\u00e1s f\u00e1cil para \u00e9l/ella,\r\nDa lo mismo,\r\nEs m\u00e1s dificil para \u00e9l/ella", 
    "survey": 1, 
    "question_type": "radio"
  }
},
{
  "pk": 9, 
  "model": "survey.question", 
  "fields": {
    "category": null, 
    "text": "\u00bfC\u00f3mo cree que ser\u00edan las clases que recibe su hijo(a) si se utilizara Internet? <small>Puede marcar varias opciones</small>", 
    "required": true, 
    "number": 17.0, 
    "choices": "Ser\u00edan m\u00e1s interesantes,\r\nLe entender\u00eda m\u00e1s al profesor,\r\nDar\u00eda lo mismo,\r\nSer\u00eda m\u00e1s dif\u00edcil aprender,\r\nSe distraer\u00eda con m\u00e1s facilidad\r\n", 
    "survey": 1, 
    "question_type": "select-multiple"
  }
},
{
  "pk": 10, 
  "model": "survey.question", 
  "fields": {
    "category": null, 
    "text": "Matem\u00e1ticas", 
    "required": true, 
    "number": 18.01, 
    "choices": "1,2,3", 
    "survey": 1, 
    "question_type": "select"
  }
},
{
  "pk": 11, 
  "model": "survey.question", 
  "fields": {
    "category": null, 
    "text": "Ingl\u00e9s", 
    "required": true, 
    "number": 18.02, 
    "choices": "1,2,3", 
    "survey": 1, 
    "question_type": "select"
  }
},
{
  "pk": 12, 
  "model": "survey.question", 
  "fields": {
    "category": null, 
    "text": "Tecnolog\u00eda e Inform\u00e1tica", 
    "required": true, 
    "number": 18.03, 
    "choices": "1,2,3", 
    "survey": 1, 
    "question_type": "select"
  }
},
{
  "pk": 13, 
  "model": "survey.question", 
  "fields": {
    "category": null, 
    "text": "Ciencias Sociales", 
    "required": true, 
    "number": 18.04, 
    "choices": "1,2,3", 
    "survey": 1, 
    "question_type": "select"
  }
},
{
  "pk": 14, 
  "model": "survey.question", 
  "fields": {
    "category": null, 
    "text": "Biolog\u00eda", 
    "required": true, 
    "number": 18.05, 
    "choices": "1,2,3", 
    "survey": 1, 
    "question_type": "select"
  }
},
{
  "pk": 15, 
  "model": "survey.question", 
  "fields": {
    "category": null, 
    "text": "Filosof\u00eda", 
    "required": true, 
    "number": 18.06, 
    "choices": "1,2,3", 
    "survey": 1, 
    "question_type": "select"
  }
},
{
  "pk": 16, 
  "model": "survey.question", 
  "fields": {
    "category": null, 
    "text": "Qu\u00edmica", 
    "required": true, 
    "number": 18.07, 
    "choices": "1,2,3", 
    "survey": 1, 
    "question_type": "select"
  }
},
{
  "pk": 17, 
  "model": "survey.question", 
  "fields": {
    "category": null, 
    "text": "Educaci\u00f3n F\u00edsica", 
    "required": true, 
    "number": 18.08, 
    "choices": "1,2,3", 
    "survey": 1, 
    "question_type": "select"
  }
},
{
  "pk": 18, 
  "model": "survey.question", 
  "fields": {
    "category": null, 
    "text": "\u00c9tica y Valores", 
    "required": true, 
    "number": 18.09, 
    "choices": "1,2,3", 
    "survey": 1, 
    "question_type": "select"
  }
},
{
  "pk": 19, 
  "model": "survey.question", 
  "fields": {
    "category": null, 
    "text": "Econom\u00eda Pol\u00edtica", 
    "required": true, 
    "number": 18.1, 
    "choices": "1,2,3", 
    "survey": 1, 
    "question_type": "select"
  }
},
{
  "pk": 20, 
  "model": "survey.question", 
  "fields": {
    "category": null, 
    "text": "\u00c1lgebra", 
    "required": true, 
    "number": 18.11, 
    "choices": "1,2,3", 
    "survey": 1, 
    "question_type": "select"
  }
},
{
  "pk": 21, 
  "model": "survey.question", 
  "fields": {
    "category": null, 
    "text": "Lengua Castellana", 
    "required": true, 
    "number": 18.12, 
    "choices": "1,2,3", 
    "survey": 1, 
    "question_type": "select"
  }
},
{
  "pk": 22, 
  "model": "survey.question", 
  "fields": {
    "category": null, 
    "text": "Artes", 
    "required": true, 
    "number": 18.13, 
    "choices": "1,2,3", 
    "survey": 1, 
    "question_type": "select"
  }
},
{
  "pk": 23, 
  "model": "survey.question", 
  "fields": {
    "category": null, 
    "text": "Trigonometr\u00eda", 
    "required": true, 
    "number": 18.14, 
    "choices": "1,2,3", 
    "survey": 1, 
    "question_type": "select"
  }
},
{
  "pk": 24, 
  "model": "survey.question", 
  "fields": {
    "category": null, 
    "text": "Geometr\u00eda", 
    "required": true, 
    "number": 18.15, 
    "choices": "1,2,3", 
    "survey": 1, 
    "question_type": "select"
  }
},
{
  "pk": 25, 
  "model": "survey.question", 
  "fields": {
    "category": null, 
    "text": "F\u00edsica", 
    "required": true, 
    "number": 18.16, 
    "choices": "1,2,3", 
    "survey": 1, 
    "question_type": "select"
  }
},
{
  "pk": 26, 
  "model": "survey.question", 
  "fields": {
    "category": null, 
    "text": "C\u00e1lculo", 
    "required": true, 
    "number": 18.17, 
    "choices": "1,2,3", 
    "survey": 1, 
    "question_type": "select"
  }
},
{
  "pk": 27, 
  "model": "survey.question", 
  "fields": {
    "category": null, 
    "text": "Religi\u00f3n", 
    "required": true, 
    "number": 18.18, 
    "choices": "1,2,3", 
    "survey": 1, 
    "question_type": "select"
  }
},
{
  "pk": 28, 
  "model": "survey.question", 
  "fields": {
    "category": null, 
    "text": "Democracia", 
    "required": true, 
    "number": 18.19, 
    "choices": "1,2,3", 
    "survey": 1, 
    "question_type": "select"
  }
},
{
  "pk": 29, 
  "model": "survey.question", 
  "fields": {
    "category": null, 
    "text": "Me genera angustia la evoluci\u00f3n que han tenido los computadores y la Internet", 
    "required": true, 
    "number": 19.0, 
    "choices": "De acuerdo,\r\nNi de acuerdo ni en desacuerdo,\r\nEn desacuerdo", 
    "survey": 1, 
    "question_type": "radio"
  }
},
{
  "pk": 30, 
  "model": "survey.question", 
  "fields": {
    "category": null, 
    "text": "El computador y la Internet dispersan la atenci\u00f3n de los estudiantes", 
    "required": true, 
    "number": 20.0, 
    "choices": "De acuerdo,\r\nNi de acuerdo ni en desacuerdo,\r\nEn desacuerdo", 
    "survey": 1, 
    "question_type": "radio"
  }
},
{
  "pk": 31, 
  "model": "survey.question", 
  "fields": {
    "category": null, 
    "text": "El computador y la Internet limitan la capacidad de creaci\u00f3n de los estudiantes", 
    "required": true, 
    "number": 21.0, 
    "choices": "De acuerdo,\r\nNi de acuerdo ni en desacuerdo,\r\nEn desacuerdo", 
    "survey": 1, 
    "question_type": "radio"
  }
},
{
  "pk": 32, 
  "model": "survey.question", 
  "fields": {
    "category": null, 
    "text": "Con respecto al bajo puntaje en lectura que obtuvieron los estudiantes cale\u00f1os en las pruebas PISA (398), una persona expres\u00f3 lo siguiente: \"Lo que encuentran por Internet son textos cortos, sin ortograf\u00eda; hoy a un joven le cuesta mucho hacerse entender por escrito, hay problemas de interpretaci\u00f3n y argumentaci\u00f3n\".", 
    "required": true, 
    "number": 22.0, 
    "choices": "De acuerdo,\r\nNi de acuerdo ni en desacuerdo,\r\nEn desacuerdo", 
    "survey": 1, 
    "question_type": "radio"
  }
},
{
  "pk": 33, 
  "model": "survey.question", 
  "fields": {
    "category": null, 
    "text": "\u00bfPor qu\u00e9?", 
    "required": true, 
    "number": 22.1, 
    "choices": "", 
    "survey": 1, 
    "question_type": "text"
  }
},
{
  "pk": 34, 
  "model": "survey.question", 
  "fields": {
    "category": null, 
    "text": "\u00bfLe genera dificultades el uso del computador y la Internet?", 
    "required": true, 
    "number": 23.0, 
    "choices": "S\u00ed,\r\nNo", 
    "survey": 1, 
    "question_type": "radio"
  }
},
{
  "pk": 35, 
  "model": "survey.question", 
  "fields": {
    "category": null, 
    "text": "\u00bfUsted ha hecho alg\u00fan curso de manejo de computador e Internet?", 
    "required": true, 
    "number": 24.0, 
    "choices": "S\u00ed,\r\nNo", 
    "survey": 1, 
    "question_type": "radio"
  }
},
{
  "pk": 36, 
  "model": "survey.question", 
  "fields": {
    "category": null, 
    "text": "\u00bfEn Cuales?", 
    "required": false, 
    "number": 24.1, 
    "choices": "", 
    "survey": 1, 
    "question_type": "text"
  }
},
{
  "pk": 37, 
  "model": "survey.question", 
  "fields": {
    "category": null, 
    "text": "Procesador de texto (Word, OpenOffice Writer, LibreOffice Writer)", 
    "required": true, 
    "number": 25.01, 
    "choices": "Siempre,\r\nA veces,\r\nNunca,\r\nNo s\u00e9 qu\u00e9 es esto", 
    "survey": 1, 
    "question_type": "select"
  }
},
{
  "pk": 38, 
  "model": "survey.question", 
  "fields": {
    "category": null, 
    "text": "Bases de datos (MySQL, ORACLE, Microsoft Access).", 
    "required": true, 
    "number": 25.02, 
    "choices": "Siempre,\r\nA veces,\r\nNunca,\r\nNo s\u00e9 qu\u00e9 es esto", 
    "survey": 1, 
    "question_type": "select"
  }
},
{
  "pk": 39, 
  "model": "survey.question", 
  "fields": {
    "category": null, 
    "text": "Correo electr\u00f3nico", 
    "required": true, 
    "number": 25.03, 
    "choices": "Siempre,\r\nA veces,\r\nNunca,\r\nNo s\u00e9 qu\u00e9 es esto", 
    "survey": 1, 
    "question_type": "select"
  }
},
{
  "pk": 40, 
  "model": "survey.question", 
  "fields": {
    "category": null, 
    "text": "Hoja de c\u00e1lculo (Microsoft Excel, Apache Open Office Calc, Spreadsheet de Google Drive)", 
    "required": true, 
    "number": 25.04, 
    "choices": "Siempre,\r\nA veces,\r\nNunca,\r\nNo s\u00e9 qu\u00e9 es esto", 
    "survey": 1, 
    "question_type": "select"
  }
},
{
  "pk": 41, 
  "model": "survey.question", 
  "fields": {
    "category": null, 
    "text": "Programas para hacer presentaciones (PowerPoint, Prezi)", 
    "required": true, 
    "number": 25.05, 
    "choices": "Siempre,\r\nA veces,\r\nNunca,\r\nNo s\u00e9 qu\u00e9 es esto", 
    "survey": 1, 
    "question_type": "select"
  }
},
{
  "pk": 42, 
  "model": "survey.question", 
  "fields": {
    "category": null, 
    "text": "Programas de dibujo (Corel Draw, Adobe Flash, Microsoft Paint).\r\n", 
    "required": true, 
    "number": 25.06, 
    "choices": "Siempre,\r\nA veces,\r\nNunca,\r\nNo s\u00e9 qu\u00e9 es esto", 
    "survey": 1, 
    "question_type": "select"
  }
},
{
  "pk": 43, 
  "model": "survey.question", 
  "fields": {
    "category": null, 
    "text": "Programas para editar im\u00e1genes y fotograf\u00edas (Adobe Photoshop, GIMP).\r\n", 
    "required": true, 
    "number": 25.07, 
    "choices": "Siempre,\r\nA veces,\r\nNunca,\r\nNo s\u00e9 qu\u00e9 es esto", 
    "survey": 1, 
    "question_type": "select"
  }
},
{
  "pk": 44, 
  "model": "survey.question", 
  "fields": {
    "category": null, 
    "text": "Internet para realizar consultas generales.\r\n", 
    "required": true, 
    "number": 25.08, 
    "choices": "Siempre,\r\nA veces,\r\nNunca,\r\nNo s\u00e9 qu\u00e9 es esto", 
    "survey": 1, 
    "question_type": "select"
  }
},
{
  "pk": 45, 
  "model": "survey.question", 
  "fields": {
    "category": null, 
    "text": "Medios audiovisuales\r\n", 
    "required": true, 
    "number": 25.09, 
    "choices": "Siempre,\r\nA veces,\r\nNunca,\r\nNo s\u00e9 qu\u00e9 es esto", 
    "survey": 1, 
    "question_type": "select"
  }
},
{
  "pk": 46, 
  "model": "survey.question", 
  "fields": {
    "category": null, 
    "text": "Plataforma virtual de aprendizaje\r\n", 
    "required": true, 
    "number": 25.1, 
    "choices": "Siempre,\r\nA veces,\r\nNunca,\r\nNo s\u00e9 qu\u00e9 es esto", 
    "survey": 1, 
    "question_type": "select"
  }
},
{
  "pk": 47, 
  "model": "survey.question", 
  "fields": {
    "category": null, 
    "text": "Blog personal\r\n", 
    "required": true, 
    "number": 25.11, 
    "choices": "Siempre,\r\nA veces,\r\nNunca,\r\nNo s\u00e9 qu\u00e9 es esto", 
    "survey": 1, 
    "question_type": "select"
  }
},
{
  "pk": 48, 
  "model": "survey.question", 
  "fields": {
    "category": null, 
    "text": "Sitios especializados en temas que le interesan\r\n", 
    "required": true, 
    "number": 25.12, 
    "choices": "Siempre,\r\nA veces,\r\nNunca,\r\nNo s\u00e9 qu\u00e9 es esto", 
    "survey": 1, 
    "question_type": "select"
  }
},
{
  "pk": 49, 
  "model": "survey.question", 
  "fields": {
    "category": null, 
    "text": "Software especializado", 
    "required": true, 
    "number": 25.13, 
    "choices": "Siempre,\r\nA veces,\r\nNunca,\r\nNo s\u00e9 qu\u00e9 es esto", 
    "survey": 1, 
    "question_type": "select"
  }
},
{
  "pk": 50, 
  "model": "survey.question", 
  "fields": {
    "category": null, 
    "text": "Agenda o programador digital de actividades", 
    "required": true, 
    "number": 25.14, 
    "choices": "Siempre,\r\nA veces,\r\nNunca,\r\nNo s\u00e9 qu\u00e9 es esto", 
    "survey": 1, 
    "question_type": "select"
  }
},
{
  "pk": 51, 
  "model": "survey.question", 
  "fields": {
    "category": null, 
    "text": "Otra herramienta, \u00bfCu\u00e1l?", 
    "required": false, 
    "number": 25.15, 
    "choices": "", 
    "survey": 1, 
    "question_type": "text"
  }
},
{
  "pk": 52, 
  "model": "survey.question", 
  "fields": {
    "category": null, 
    "text": "\u00bfEn d\u00f3nde se conecta a Internet? <small>Puede marcar varias opciones</small>", 
    "required": true, 
    "number": 26.0, 
    "choices": "En su casa,\r\nEn un caf\u00e9 Internet,\r\nEn la casa de sus amigos o familiares,\r\nEn el colegio donde estudian sus hijos,\r\nEn un lugar p\u00fablico como bibliotecas o centros comunitarios,\r\nEn un lugar p\u00fablico con WIFI,\r\nEn su sitio de trabajo", 
    "survey": 1, 
    "question_type": "select-multiple"
  }
},
{
  "pk": 53, 
  "model": "survey.question", 
  "fields": {
    "category": null, 
    "text": "En otro lugar. \u00bfCu\u00e1l?", 
    "required": false, 
    "number": 26.1, 
    "choices": "", 
    "survey": 1, 
    "question_type": "text"
  }
},
{
  "pk": 54, 
  "model": "survey.question", 
  "fields": {
    "category": null, 
    "text": "\u00bfUsted qu\u00e9 hace cuando su hijo(a) se conecta a internet? <small>Puede marcar varias opciones </small>", 
    "required": true, 
    "number": 27.0, 
    "choices": "Le pregunta \u00bfQu\u00e9 est\u00e1 haciendo?,\r\nEcha un vistazo para ver qu\u00e9 est\u00e1 haciendo,\r\nLe ayuda,\r\nSe sienta con \u00e9l/ella,\r\nHacen alguna actividad,\r\nComprueba despu\u00e9s por donde ha navegado,\r\nSe ubica en el mismo lugar a hacer otras actividades,\r\nRevisa la informaci\u00f3n que pone en redes sociales,\r\nControla los horarios en que se conecta,\r\nNo se hace nada", 
    "survey": 1, 
    "question_type": "select-multiple"
  }
},
{
  "pk": 55, 
  "model": "survey.question", 
  "fields": {
    "category": null, 
    "text": "Hace otra cosa. \u00bfCu\u00e1l?", 
    "required": false, 
    "number": 27.1, 
    "choices": "", 
    "survey": 1, 
    "question_type": "text"
  }
},
{
  "pk": 56, 
  "model": "survey.question", 
  "fields": {
    "category": null, 
    "text": "De los siguientes dispositivos, si los tiene en casa, \u00bfCu\u00e1les usa? <small>Puede marcar varias opciones</small>", 
    "required": true, 
    "number": 28.0, 
    "choices": "Computador sin conexi\u00f3n a internet,\r\nComputador con conexi\u00f3n a internet,\r\nCelular sin plan de datos,\r\nCelular con plan de datos,\r\nConsola de videojuegos,\r\nTablet,\r\nLector digital de libros,\r\nC\u00e1mara fotogr\u00e1fica digital,\r\nC\u00e1mara de video,\r\nGrabadora digital,\r\nDVD/Blue-ray,\r\nTelevisor,\r\nRadio", 
    "survey": 1, 
    "question_type": "select-multiple"
  }
},
{
  "pk": 57, 
  "model": "survey.question", 
  "fields": {
    "category": null, 
    "text": "Internet", 
    "required": true, 
    "number": 29.01, 
    "choices": "Me ayuda a pasar el tiempo,\r\nMe divierte,\r\nMe informa,\r\nMe ense\u00f1a,\r\nMe comunico con amigos y otras personas,\r\nNo lo uso", 
    "survey": 1, 
    "question_type": "select-multiple"
  }
},
{
  "pk": 58, 
  "model": "survey.question", 
  "fields": {
    "category": null, 
    "text": "Celular", 
    "required": true, 
    "number": 29.02, 
    "choices": "Me ayuda a pasar el tiempo,\r\nMe divierte,\r\nMe informa,\r\nMe ense\u00f1a,\r\nMe comunico con amigos y otras personas,\r\nNo lo uso", 
    "survey": 1, 
    "question_type": "select-multiple"
  }
},
{
  "pk": 59, 
  "model": "survey.question", 
  "fields": {
    "category": null, 
    "text": "Computador", 
    "required": true, 
    "number": 29.03, 
    "choices": "Me ayuda a pasar el tiempo,\r\nMe divierte,\r\nMe informa,\r\nMe ense\u00f1a,\r\nMe comunico con amigos y otras personas,\r\nNo lo uso", 
    "survey": 1, 
    "question_type": "select-multiple"
  }
},
{
  "pk": 60, 
  "model": "survey.question", 
  "fields": {
    "category": null, 
    "text": "Videojuegos", 
    "required": true, 
    "number": 29.04, 
    "choices": "Me ayuda a pasar el tiempo,\r\nMe divierte,\r\nMe informa,\r\nMe ense\u00f1a,\r\nMe comunico con amigos y otras personas,\r\nNo lo uso", 
    "survey": 1, 
    "question_type": "select-multiple"
  }
},
{
  "pk": 61, 
  "model": "survey.question", 
  "fields": {
    "category": null, 
    "text": "\u00bfPara qu\u00e9 utiliza su tel\u00e9fono celular? <small>Puede marcar varias opciones</small>", 
    "required": true, 
    "number": 30.0, 
    "choices": "Hacer y recibir llamadas,\r\nEnviar y recibir mensajes de texto,\r\nTomar fotos,\r\nEscuchar m\u00fasica,\r\nEscuchar emisoras de radio,\r\nGrabar videos,\r\nConectarse a internet,\r\nEnviar y recibir correo electr\u00f3nico,\r\nChatear,\r\nVer videos,\r\nConectarse a las redes sociales,\r\nHacer transacciones con bancos o entidades financieras,\r\nComprar o vender cosas", 
    "survey": 1, 
    "question_type": "select-multiple"
  }
},
{
  "pk": 62, 
  "model": "survey.question", 
  "fields": {
    "category": null, 
    "text": "Otro uso. \u00bfCu\u00e1l?", 
    "required": false, 
    "number": 30.01, 
    "choices": "", 
    "survey": 1, 
    "question_type": "text"
  }
},
{
  "pk": 63, 
  "model": "survey.question", 
  "fields": {
    "category": null, 
    "text": "\u00bfA qu\u00e9 redes sociales pertenece? <small>Puede marcar varias opciones</small>", 
    "required": true, 
    "number": 31.0, 
    "choices": "Facebook,\r\nTwitter,\r\nInstagram,\r\nGoogle+,\r\nYoutube,\r\nSlideshare,\r\nLinkedIn,\r\nTumblr,\r\nBadoo,\r\nMySpace,\r\nSonico,\r\nHi5,\r\nSnapchat", 
    "survey": 1, 
    "question_type": "select-multiple"
  }
},
{
  "pk": 64, 
  "model": "survey.question", 
  "fields": {
    "category": null, 
    "text": "Otra. \u00bfCu\u00e1l?", 
    "required": false, 
    "number": 31.01, 
    "choices": "", 
    "survey": 1, 
    "question_type": "text"
  }
},
{
  "pk": 65, 
  "model": "survey.question", 
  "fields": {
    "category": null, 
    "text": "Jugar", 
    "required": true, 
    "number": 32.01, 
    "choices": "Siempre,\r\nA veces,\r\nNunca", 
    "survey": 1, 
    "question_type": "select"
  }
},
{
  "pk": 66, 
  "model": "survey.question", 
  "fields": {
    "category": null, 
    "text": "Subir, bajar o compartir im\u00e1genes, fotos, pel\u00edculas, videos", 
    "required": true, 
    "number": 32.02, 
    "choices": "Siempre,\r\nA veces,\r\nNunca", 
    "survey": 1, 
    "question_type": "select"
  }
},
{
  "pk": 67, 
  "model": "survey.question", 
  "fields": {
    "category": null, 
    "text": "Ver pel\u00edculas", 
    "required": true, 
    "number": 32.03, 
    "choices": "Siempre,\r\nA veces,\r\nNunca", 
    "survey": 1, 
    "question_type": "select"
  }
},
{
  "pk": 68, 
  "model": "survey.question", 
  "fields": {
    "category": null, 
    "text": "Ver videos\r\n", 
    "required": true, 
    "number": 32.04, 
    "choices": "Siempre,\r\nA veces,\r\nNunca", 
    "survey": 1, 
    "question_type": "select"
  }
},
{
  "pk": 69, 
  "model": "survey.question", 
  "fields": {
    "category": null, 
    "text": "Ver videos musicales", 
    "required": true, 
    "number": 32.05, 
    "choices": "Siempre,\r\nA veces,\r\nNunca", 
    "survey": 1, 
    "question_type": "select"
  }
},
{
  "pk": 70, 
  "model": "survey.question", 
  "fields": {
    "category": null, 
    "text": "Chatear", 
    "required": true, 
    "number": 32.07, 
    "choices": "Siempre,\r\nA veces,\r\nNunca", 
    "survey": 1, 
    "question_type": "select"
  }
},
{
  "pk": 71, 
  "model": "survey.question", 
  "fields": {
    "category": null, 
    "text": "Hacer consultas sobre temas que le interesan", 
    "required": true, 
    "number": 32.08, 
    "choices": "Siempre,\r\nA veces,\r\nNunca", 
    "survey": 1, 
    "question_type": "select"
  }
},
{
  "pk": 72, 
  "model": "survey.question", 
  "fields": {
    "category": null, 
    "text": "Leer noticias", 
    "required": true, 
    "number": 32.09, 
    "choices": "Siempre,\r\nA veces,\r\nNunca", 
    "survey": 1, 
    "question_type": "select"
  }
},
{
  "pk": 73, 
  "model": "survey.question", 
  "fields": {
    "category": null, 
    "text": "Leer historias, cuentos, novelas", 
    "required": true, 
    "number": 32.1, 
    "choices": "Siempre,\r\nA veces,\r\nNunca", 
    "survey": 1, 
    "question_type": "select"
  }
},
{
  "pk": 74, 
  "model": "survey.question", 
  "fields": {
    "category": null, 
    "text": "Escribir y publicar comentarios", 
    "required": true, 
    "number": 32.11, 
    "choices": "Siempre,\r\nA veces,\r\nNunca", 
    "survey": 1, 
    "question_type": "select"
  }
},
{
  "pk": 75, 
  "model": "survey.question", 
  "fields": {
    "category": null, 
    "text": "Escribir historias", 
    "required": true, 
    "number": 32.12, 
    "choices": "Siempre,\r\nA veces,\r\nNunca", 
    "survey": 1, 
    "question_type": "select"
  }
},
{
  "pk": 76, 
  "model": "survey.question", 
  "fields": {
    "category": null, 
    "text": "Dibujar o crear im\u00e1genes", 
    "required": true, 
    "number": 32.13, 
    "choices": "Siempre,\r\nA veces,\r\nNunca", 
    "survey": 1, 
    "question_type": "select"
  }
},
{
  "pk": 77, 
  "model": "survey.question", 
  "fields": {
    "category": null, 
    "text": "Descargar m\u00fasica", 
    "required": true, 
    "number": 32.14, 
    "choices": "Siempre,\r\nA veces,\r\nNunca", 
    "survey": 1, 
    "question_type": "select"
  }
},
{
  "pk": 78, 
  "model": "survey.question", 
  "fields": {
    "category": null, 
    "text": "Descargar juegos", 
    "required": true, 
    "number": 32.15, 
    "choices": "Siempre,\r\nA veces,\r\nNunca", 
    "survey": 1, 
    "question_type": "select"
  }
},
{
  "pk": 79, 
  "model": "survey.question", 
  "fields": {
    "category": null, 
    "text": "Hacer amigos y conocer gente", 
    "required": true, 
    "number": 32.16, 
    "choices": "Siempre,\r\nA veces,\r\nNunca", 
    "survey": 1, 
    "question_type": "select"
  }
},
{
  "pk": 80, 
  "model": "survey.question", 
  "fields": {
    "category": null, 
    "text": "Conocer otros pa\u00edses, otras culturas", 
    "required": true, 
    "number": 32.17, 
    "choices": "Siempre,\r\nA veces,\r\nNunca", 
    "survey": 1, 
    "question_type": "select"
  }
},
{
  "pk": 81, 
  "model": "survey.question", 
  "fields": {
    "category": null, 
    "text": "Hacer transacciones con bancos o entidades financieras", 
    "required": true, 
    "number": 32.18, 
    "choices": "Siempre,\r\nA veces,\r\nNunca", 
    "survey": 1, 
    "question_type": "select"
  }
},
{
  "pk": 82, 
  "model": "survey.question", 
  "fields": {
    "category": null, 
    "text": "Comprar o vender cosas", 
    "required": true, 
    "number": 32.19, 
    "choices": "Siempre,\r\nA veces,\r\nNunca", 
    "survey": 1, 
    "question_type": "select"
  }
},
{
  "pk": 83, 
  "model": "survey.question", 
  "fields": {
    "category": null, 
    "text": "Otro uso. \u00bfCu\u00e1l?", 
    "required": false, 
    "number": 32.2, 
    "choices": "", 
    "survey": 1, 
    "question_type": "text"
  }
},
{
  "pk": 84, 
  "model": "survey.question", 
  "fields": {
    "category": null, 
    "text": "\u00bfCon qui\u00e9n comparte la informaci\u00f3n que encuentra en internet? <small>Puede marcar varias opciones</small>", 
    "required": true, 
    "number": 33.0, 
    "choices": "Con amigos,\r\nCon sus hijos,\r\nCon otros familiares,\r\nCon sus compa\u00f1eros de trabajo,\r\nCon nadie", 
    "survey": 1, 
    "question_type": "select-multiple"
  }
},
{
  "pk": 86, 
  "model": "survey.question", 
  "fields": {
    "category": null, 
    "text": "\u00bfCon qui\u00e9n aprende a usar el computador y la internet? <small>Puede marcar varias opciones</small>", 
    "required": true, 
    "number": 34.0, 
    "choices": "Solo, cacharreando o averiguando en internet,\r\nCon sus amigos,\r\nCon sus hijos,\r\nCon otros familiares,\r\nCon sus compa\u00f1eros de trabajo,\r\nHaciendo cursos virtuales,\r\nHaciendo cursos presenciales", 
    "survey": 1, 
    "question_type": "select-multiple"
  }
},
{
  "pk": 88, 
  "model": "survey.question", 
  "fields": {
    "category": null, 
    "text": "Cuando usa internet \u00bfcon qui\u00e9n prefiere hacerlo? ", 
    "required": true, 
    "number": 35.0, 
    "choices": "Solo,\r\nCon su amigo,\r\nCon sus hijos,\r\nCon otros familiares,\r\nCon sus compa\u00f1eros de trabajo", 
    "survey": 1, 
    "question_type": "radio"
  }
},
{
  "pk": 89, 
  "model": "survey.question", 
  "fields": {
    "category": null, 
    "text": "\u00bfDurante cu\u00e1ntas horas diarias navega en internet? Si no utiliza internet todos los d\u00edas, escriba al lado de su respuesta cada cu\u00e1nto lo hace.", 
    "required": false, 
    "number": 36.1, 
    "choices": "Entre 1 y 2 horas,\r\nEntre 3 y 5 horas,\r\nMas de 5 horas,\r\nNo lo utiliza diariamente", 
    "survey": 1, 
    "question_type": "radio"
  }
},
{
  "pk": 90, 
  "model": "survey.question", 
  "fields": {
    "category": null, 
    "text": "Celular", 
    "required": true, 
    "number": 37.01, 
    "choices": "1, 2, 3", 
    "survey": 1, 
    "question_type": "select"
  }
},
{
  "pk": 91, 
  "model": "survey.question", 
  "fields": {
    "category": null, 
    "text": "Computador", 
    "required": true, 
    "number": 37.02, 
    "choices": "1, 2, 3", 
    "survey": 1, 
    "question_type": "select"
  }
},
{
  "pk": 92, 
  "model": "survey.question", 
  "fields": {
    "category": null, 
    "text": "Tablet", 
    "required": true, 
    "number": 37.03, 
    "choices": "1, 2, 3", 
    "survey": 1, 
    "question_type": "select"
  }
},
{
  "pk": 93, 
  "model": "survey.question", 
  "fields": {
    "category": null, 
    "text": "Conexi\u00f3n a internet", 
    "required": true, 
    "number": 37.04, 
    "choices": "1, 2, 3", 
    "survey": 1, 
    "question_type": "select"
  }
},
{
  "pk": 94, 
  "model": "survey.question", 
  "fields": {
    "category": null, 
    "text": "DVD o Blue-ray", 
    "required": true, 
    "number": 37.05, 
    "choices": "1, 2, 3", 
    "survey": 1, 
    "question_type": "select"
  }
},
{
  "pk": 95, 
  "model": "survey.question", 
  "fields": {
    "category": null, 
    "text": "Radio", 
    "required": true, 
    "number": 37.06, 
    "choices": "1, 2, 3", 
    "survey": 1, 
    "question_type": "select"
  }
},
{
  "pk": 96, 
  "model": "survey.question", 
  "fields": {
    "category": null, 
    "text": "Televisor", 
    "required": true, 
    "number": 37.07, 
    "choices": "1, 2, 3", 
    "survey": 1, 
    "question_type": "select"
  }
},
{
  "pk": 97, 
  "model": "survey.question", 
  "fields": {
    "category": null, 
    "text": "Video Beam", 
    "required": true, 
    "number": 37.08, 
    "choices": "1, 2, 3", 
    "survey": 1, 
    "question_type": "select"
  }
},
{
  "pk": 98, 
  "model": "survey.question", 
  "fields": {
    "category": null, 
    "text": "\u00bfQu\u00e9 le gustar\u00eda hacer o aprender a hacer con internet?", 
    "required": true, 
    "number": 38.0, 
    "choices": "Desarrollar programas inform\u00e1ticos,\r\nConstruir p\u00e1ginas web,\r\nConstruir un espacio virtual en el que pueda interactuar con mis hijos,\r\nCrear videos y pel\u00edculas,\r\nCrear mejores fotograf\u00edas,\r\nEscribir historias y cuentos,\r\nHacer un video y subirlo a Youtube,\r\nDise\u00f1ar un videojuego,\r\nConstruir un blog; un diario; un peri\u00f3dico; un programa de radio y m\u00fasica,\r\nAprender un idioma que no conozco,\r\nHacer amigos de mi edad,\r\nComponer m\u00fasica utilizando software especializado,\r\nIntercambiar objetos,\r\nVender o comprar creaciones propias (m\u00fasica; dibujos; cuentos; im\u00e1genes; artes)", 
    "survey": 1, 
    "question_type": "select-multiple"
  }
},
{
  "pk": 99, 
  "model": "survey.question", 
  "fields": {
    "category": null, 
    "text": "Otra cosa. \u00bfCu\u00e1l?", 
    "required": false, 
    "number": 38.01, 
    "choices": "", 
    "survey": 1, 
    "question_type": "text"
  }
},
{
  "pk": 100, 
  "model": "survey.question", 
  "fields": {
    "category": null, 
    "text": "Celular", 
    "required": true, 
    "number": 39.01, 
    "choices": "1, 2, 3", 
    "survey": 1, 
    "question_type": "select"
  }
},
{
  "pk": 101, 
  "model": "survey.question", 
  "fields": {
    "category": null, 
    "text": "Computador", 
    "required": true, 
    "number": 39.02, 
    "choices": "1, 2, 3", 
    "survey": 1, 
    "question_type": "select"
  }
},
{
  "pk": 102, 
  "model": "survey.question", 
  "fields": {
    "category": null, 
    "text": "Tablet", 
    "required": true, 
    "number": 39.03, 
    "choices": "1, 2, 3", 
    "survey": 1, 
    "question_type": "select"
  }
},
{
  "pk": 103, 
  "model": "survey.question", 
  "fields": {
    "category": null, 
    "text": "Conexi\u00f3n a internet", 
    "required": true, 
    "number": 39.04, 
    "choices": "1, 2, 3", 
    "survey": 1, 
    "question_type": "select"
  }
},
{
  "pk": 104, 
  "model": "survey.question", 
  "fields": {
    "category": null, 
    "text": "DVD o Blue-ray", 
    "required": true, 
    "number": 39.05, 
    "choices": "1, 2, 3", 
    "survey": 1, 
    "question_type": "select"
  }
},
{
  "pk": 105, 
  "model": "survey.question", 
  "fields": {
    "category": null, 
    "text": "Radio", 
    "required": true, 
    "number": 39.06, 
    "choices": "1, 2, 3", 
    "survey": 1, 
    "question_type": "select"
  }
},
{
  "pk": 106, 
  "model": "survey.question", 
  "fields": {
    "category": null, 
    "text": "Televisor", 
    "required": true, 
    "number": 39.07, 
    "choices": "1, 2, 3", 
    "survey": 1, 
    "question_type": "select"
  }
},
{
  "pk": 107, 
  "model": "survey.question", 
  "fields": {
    "category": null, 
    "text": "Video beam", 
    "required": true, 
    "number": 39.08, 
    "choices": "1, 2, 3", 
    "survey": 1, 
    "question_type": "select"
  }
},
{
  "pk": 108, 
  "model": "survey.question", 
  "fields": {
    "category": null, 
    "text": "\u00bfC\u00f3mo le gusta m\u00e1s responder esta encuesta?", 
    "required": true, 
    "number": 40.0, 
    "choices": "En papel,\r\nEn computador,\r\nDa lo mismo", 
    "survey": 1, 
    "question_type": "radio"
  }
},
{
  "pk": 109, 
  "model": "survey.question", 
  "fields": {
    "category": null, 
    "text": "Grados en los que ense\u00f1a", 
    "required": true, 
    "number": 4.0, 
    "choices": "", 
    "survey": 2, 
    "question_type": "text"
  }
},
{
  "pk": 110, 
  "model": "survey.question", 
  "fields": {
    "category": null, 
    "text": "\u00bfCu\u00e1l es su m\u00e1ximo nivel educativo?", 
    "required": true, 
    "number": 9.0, 
    "choices": "T\u00e9cnico,\r\nPregrado,\r\nEspecializaci\u00f3n,\r\nMaestr\u00eda,\r\nDoctorado,\r\n", 
    "survey": 2, 
    "question_type": "select"
  }
},
{
  "pk": 111, 
  "model": "survey.question", 
  "fields": {
    "category": null, 
    "text": "T\u00edtulo obtenido", 
    "required": true, 
    "number": 9.01, 
    "choices": "", 
    "survey": 2, 
    "question_type": "text"
  }
},
{
  "pk": 112, 
  "model": "survey.question", 
  "fields": {
    "category": null, 
    "text": "\u00bfCu\u00e1l es el \u00e1rea de formaci\u00f3n?", 
    "required": true, 
    "number": 10.0, 
    "choices": "Humanidades,\r\nSalud,\r\nCiencias b\u00e1sicas,\r\nIngenier\u00edas,\r\nCiencias sociales,\r\nAdministraci\u00f3n,\r\nEducaci\u00f3n", 
    "survey": 2, 
    "question_type": "radio"
  }
},
{
  "pk": 113, 
  "model": "survey.question", 
  "fields": {
    "category": null, 
    "text": "Otra. \u00bfCu\u00e1l?", 
    "required": false, 
    "number": 10.01, 
    "choices": "", 
    "survey": 2, 
    "question_type": "text"
  }
},
{
  "pk": 114, 
  "model": "survey.question", 
  "fields": {
    "category": null, 
    "text": "\u00bfCuantos a\u00f1os lleva ejerciendo la docencia?", 
    "required": true, 
    "number": 11.0, 
    "choices": "De 1 a 5 a\u00f1os,\r\nDe 6 a 10 a\u00f1os,\r\nDe 11 a 15 a\u00f1os,\r\nDe 16 a 20 a\u00f1os,\r\nDe 21 a 25 a\u00f1os,\r\nM\u00e1s de 25 a\u00f1os", 
    "survey": 2, 
    "question_type": "radio"
  }
},
{
  "pk": 115, 
  "model": "survey.question", 
  "fields": {
    "category": null, 
    "text": "\u00bfActualmente utiliza computador? \u00bfCon qu\u00e9 frecuencia lo utiliza?", 
    "required": true, 
    "number": 13.0, 
    "choices": "De 4 a 7 d\u00edas a la semana,\r\n3 d\u00edas a la semana,\r\n2 d\u00edas a la semana,\r\n1 d\u00eda a la semana,\r\nCasi nunca,\r\nNunca", 
    "survey": 2, 
    "question_type": "radio"
  }
},
{
  "pk": 116, 
  "model": "survey.question", 
  "fields": {
    "category": null, 
    "text": "\u00bfActualmente utiliza Internet? \u00bfCon qu\u00e9 frecuencia lo utiliza?", 
    "required": true, 
    "number": 15.0, 
    "choices": "De 4 a 7 d\u00edas a la semana,\r\n3 d\u00edas a la semana,\r\n2 d\u00edas a la semana,\r\n1 d\u00eda a la semana,\r\nCasi nunca,\r\nNunca", 
    "survey": 2, 
    "question_type": "radio"
  }
},
{
  "pk": 117, 
  "model": "survey.question", 
  "fields": {
    "category": null, 
    "text": "\u00bfQu\u00e9 opina sobre que sus estudiantes hagan tareas con ayuda de internet?", 
    "required": true, 
    "number": 16.0, 
    "choices": "Es m\u00e1s f\u00e1cil para \u00e9l/ella,\r\nDa lo mismo,\r\nEs m\u00e1s dificil para \u00e9l/ella", 
    "survey": 2, 
    "question_type": "radio"
  }
},
{
  "pk": 118, 
  "model": "survey.question", 
  "fields": {
    "category": null, 
    "text": "Matem\u00e1ticas", 
    "required": true, 
    "number": 17.01, 
    "choices": "1,2,3", 
    "survey": 2, 
    "question_type": "select"
  }
},
{
  "pk": 119, 
  "model": "survey.question", 
  "fields": {
    "category": null, 
    "text": "Ingl\u00e9s", 
    "required": true, 
    "number": 17.02, 
    "choices": "1,2,3", 
    "survey": 2, 
    "question_type": "select"
  }
},
{
  "pk": 120, 
  "model": "survey.question", 
  "fields": {
    "category": null, 
    "text": "Tecnolog\u00eda e Inform\u00e1tica", 
    "required": true, 
    "number": 17.03, 
    "choices": "1,2,3", 
    "survey": 2, 
    "question_type": "select"
  }
},
{
  "pk": 121, 
  "model": "survey.question", 
  "fields": {
    "category": null, 
    "text": "Ciencias Sociales", 
    "required": true, 
    "number": 17.04, 
    "choices": "1,2,3", 
    "survey": 2, 
    "question_type": "select"
  }
},
{
  "pk": 122, 
  "model": "survey.question", 
  "fields": {
    "category": null, 
    "text": "Biolog\u00eda", 
    "required": true, 
    "number": 17.05, 
    "choices": "1,2,3", 
    "survey": 2, 
    "question_type": "select"
  }
},
{
  "pk": 123, 
  "model": "survey.question", 
  "fields": {
    "category": null, 
    "text": "Filosof\u00eda", 
    "required": true, 
    "number": 17.06, 
    "choices": "1,2,3", 
    "survey": 2, 
    "question_type": "select"
  }
},
{
  "pk": 124, 
  "model": "survey.question", 
  "fields": {
    "category": null, 
    "text": "Qu\u00edmica", 
    "required": true, 
    "number": 17.07, 
    "choices": "1,2,3", 
    "survey": 2, 
    "question_type": "select"
  }
},
{
  "pk": 125, 
  "model": "survey.question", 
  "fields": {
    "category": null, 
    "text": "Educaci\u00f3n F\u00edsica", 
    "required": true, 
    "number": 17.08, 
    "choices": "1,2,3", 
    "survey": 2, 
    "question_type": "select"
  }
},
{
  "pk": 126, 
  "model": "survey.question", 
  "fields": {
    "category": null, 
    "text": "\u00c9tica y Valores", 
    "required": true, 
    "number": 17.09, 
    "choices": "1,2,3", 
    "survey": 2, 
    "question_type": "select"
  }
},
{
  "pk": 127, 
  "model": "survey.question", 
  "fields": {
    "category": null, 
    "text": "Econom\u00eda y Pol\u00edtica", 
    "required": true, 
    "number": 17.1, 
    "choices": "1,2,3", 
    "survey": 2, 
    "question_type": "select"
  }
},
{
  "pk": 128, 
  "model": "survey.question", 
  "fields": {
    "category": null, 
    "text": "\u00c1lgebra", 
    "required": true, 
    "number": 17.11, 
    "choices": "1,2,3", 
    "survey": 2, 
    "question_type": "select"
  }
},
{
  "pk": 129, 
  "model": "survey.question", 
  "fields": {
    "category": null, 
    "text": "Lengua Castellana", 
    "required": true, 
    "number": 17.12, 
    "choices": "1,2,3", 
    "survey": 2, 
    "question_type": "select"
  }
},
{
  "pk": 130, 
  "model": "survey.question", 
  "fields": {
    "category": null, 
    "text": "Artes", 
    "required": true, 
    "number": 17.13, 
    "choices": "1,2,3", 
    "survey": 2, 
    "question_type": "select"
  }
},
{
  "pk": 131, 
  "model": "survey.question", 
  "fields": {
    "category": null, 
    "text": "Trigonometr\u00eda", 
    "required": true, 
    "number": 17.14, 
    "choices": "1,2,3", 
    "survey": 2, 
    "question_type": "select"
  }
},
{
  "pk": 132, 
  "model": "survey.question", 
  "fields": {
    "category": null, 
    "text": "Geometr\u00eda", 
    "required": true, 
    "number": 17.15, 
    "choices": "1,2,3", 
    "survey": 2, 
    "question_type": "select"
  }
},
{
  "pk": 133, 
  "model": "survey.question", 
  "fields": {
    "category": null, 
    "text": "F\u00edsica", 
    "required": true, 
    "number": 17.16, 
    "choices": "1,2,3", 
    "survey": 2, 
    "question_type": "select"
  }
},
{
  "pk": 134, 
  "model": "survey.question", 
  "fields": {
    "category": null, 
    "text": "C\u00e1lculo", 
    "required": true, 
    "number": 17.17, 
    "choices": "1,2,3", 
    "survey": 2, 
    "question_type": "select"
  }
},
{
  "pk": 135, 
  "model": "survey.question", 
  "fields": {
    "category": null, 
    "text": "Religi\u00f3n", 
    "required": true, 
    "number": 17.18, 
    "choices": "1,2,3", 
    "survey": 2, 
    "question_type": "select"
  }
},
{
  "pk": 136, 
  "model": "survey.question", 
  "fields": {
    "category": null, 
    "text": "Democracia", 
    "required": true, 
    "number": 17.19, 
    "choices": "1,2,3", 
    "survey": 2, 
    "question_type": "select"
  }
},
{
  "pk": 137, 
  "model": "survey.question", 
  "fields": {
    "category": null, 
    "text": "Me genera angustia la evoluci\u00f3n que han tenido los computadores y la Internet", 
    "required": true, 
    "number": 18.0, 
    "choices": "De acuerdo,\r\nNi de acuerdo ni en desacuerdo,\r\nEn desacuerdo", 
    "survey": 2, 
    "question_type": "radio"
  }
},
{
  "pk": 138, 
  "model": "survey.question", 
  "fields": {
    "category": null, 
    "text": "El computador y la Internet dispersan la atenci\u00f3n de los estudiantes", 
    "required": true, 
    "number": 19.0, 
    "choices": "De acuerdo,\r\nNi de acuerdo ni en desacuerdo,\r\nEn desacuerdo", 
    "survey": 2, 
    "question_type": "radio"
  }
},
{
  "pk": 139, 
  "model": "survey.question", 
  "fields": {
    "category": null, 
    "text": "El computador y la Internet limitan la capacidad de creaci\u00f3n de los estudiantes", 
    "required": true, 
    "number": 20.0, 
    "choices": "De acuerdo,\r\nNi de acuerdo ni en desacuerdo,\r\nEn desacuerdo", 
    "survey": 2, 
    "question_type": "radio"
  }
},
{
  "pk": 140, 
  "model": "survey.question", 
  "fields": {
    "category": null, 
    "text": "Con respecto al bajo puntaje en lectura que obtuvieron los estudiantes cale\u00f1os en las pruebas PISA (398), una persona expres\u00f3 lo siguiente: \"Lo que encuentran por internet son textos cortos, sin ortograf\u00eda; hoy a un joven le cuesta mucho hacerse entender por escrito, hay problemas de interpretaci\u00f3n y argumentaci\u00f3n\".", 
    "required": true, 
    "number": 21.0, 
    "choices": "De acuerdo,\r\nNi de acuerdo ni en desacuerdo,\r\nEn desacuerdo", 
    "survey": 2, 
    "question_type": "radio"
  }
},
{
  "pk": 141, 
  "model": "survey.question", 
  "fields": {
    "category": null, 
    "text": "\u00bfPor qu\u00e9?", 
    "required": true, 
    "number": 21.01, 
    "choices": "", 
    "survey": 2, 
    "question_type": "text"
  }
},
{
  "pk": 1, 
  "model": "survey.response", 
  "fields": {
    "fecha_nacimiento": "1988-04-30", 
    "updated": "2014-09-03T21:21:57.081", 
    "jornada": "M", 
    "created": "2014-09-03T21:21:57.081", 
    "numero_documento": 123, 
    "municipio_nacimiento": 1006, 
    "institucion": 1, 
    "survey": 1, 
    "nombre": "Victor Padilla", 
    "barrio": "Ciudadela Comfandi"
  }
},
{
  "pk": 3, 
  "model": "survey.response", 
  "fields": {
    "fecha_nacimiento": "1988-04-30", 
    "updated": "2014-09-03T22:17:40.843", 
    "jornada": "M", 
    "created": "2014-09-03T22:17:40.843", 
    "numero_documento": 1237, 
    "municipio_nacimiento": 1006, 
    "institucion": 8, 
    "survey": 1, 
    "nombre": "Victor Padilla", 
    "barrio": "Ciudadela Comfandi"
  }
},
{
  "pk": 1, 
  "model": "survey.answertext", 
  "fields": {
    "body": "", 
    "question": 99, 
    "response": 1
  }
},
{
  "pk": 2, 
  "model": "survey.answertext", 
  "fields": {
    "body": "", 
    "question": 64, 
    "response": 1
  }
},
{
  "pk": 3, 
  "model": "survey.answertext", 
  "fields": {
    "body": "", 
    "question": 62, 
    "response": 1
  }
},
{
  "pk": 4, 
  "model": "survey.answertext", 
  "fields": {
    "body": "", 
    "question": 83, 
    "response": 1
  }
},
{
  "pk": 5, 
  "model": "survey.answertext", 
  "fields": {
    "body": "", 
    "question": 36, 
    "response": 1
  }
},
{
  "pk": 6, 
  "model": "survey.answertext", 
  "fields": {
    "body": "Los estudiantes solo buscan cosas inutiles", 
    "question": 33, 
    "response": 1
  }
},
{
  "pk": 7, 
  "model": "survey.answertext", 
  "fields": {
    "body": "Tio", 
    "question": 1, 
    "response": 1
  }
},
{
  "pk": 8, 
  "model": "survey.answertext", 
  "fields": {
    "body": "Ingeniero de Sistemas", 
    "question": 4, 
    "response": 1
  }
},
{
  "pk": 9, 
  "model": "survey.answertext", 
  "fields": {
    "body": "Desconectarle el PC", 
    "question": 55, 
    "response": 1
  }
},
{
  "pk": 10, 
  "model": "survey.answertext", 
  "fields": {
    "body": "", 
    "question": 53, 
    "response": 1
  }
},
{
  "pk": 11, 
  "model": "survey.answertext", 
  "fields": {
    "body": "Editor", 
    "question": 51, 
    "response": 1
  }
},
{
  "pk": 12, 
  "model": "survey.answertext", 
  "fields": {
    "body": "", 
    "question": 99, 
    "response": 3
  }
},
{
  "pk": 13, 
  "model": "survey.answertext", 
  "fields": {
    "body": "", 
    "question": 64, 
    "response": 3
  }
},
{
  "pk": 14, 
  "model": "survey.answertext", 
  "fields": {
    "body": "", 
    "question": 62, 
    "response": 3
  }
},
{
  "pk": 15, 
  "model": "survey.answertext", 
  "fields": {
    "body": "", 
    "question": 83, 
    "response": 3
  }
},
{
  "pk": 16, 
  "model": "survey.answertext", 
  "fields": {
    "body": "", 
    "question": 36, 
    "response": 3
  }
},
{
  "pk": 17, 
  "model": "survey.answertext", 
  "fields": {
    "body": "Los estudiantes solo buscan cosas inutiles", 
    "question": 33, 
    "response": 3
  }
},
{
  "pk": 18, 
  "model": "survey.answertext", 
  "fields": {
    "body": "Tio", 
    "question": 1, 
    "response": 3
  }
},
{
  "pk": 19, 
  "model": "survey.answertext", 
  "fields": {
    "body": "Ingeniero de Sistemas", 
    "question": 4, 
    "response": 3
  }
},
{
  "pk": 20, 
  "model": "survey.answertext", 
  "fields": {
    "body": "Desconectarle el PC", 
    "question": 55, 
    "response": 3
  }
},
{
  "pk": 21, 
  "model": "survey.answertext", 
  "fields": {
    "body": "", 
    "question": 53, 
    "response": 3
  }
},
{
  "pk": 22, 
  "model": "survey.answertext", 
  "fields": {
    "body": "Editor", 
    "question": 51, 
    "response": 3
  }
},
{
  "pk": 1, 
  "model": "survey.answerradio", 
  "fields": {
    "body": "En computador", 
    "question": 108, 
    "response": 1
  }
},
{
  "pk": 2, 
  "model": "survey.answerradio", 
  "fields": {
    "body": "Mas de 5 horas", 
    "question": 89, 
    "response": 1
  }
},
{
  "pk": 3, 
  "model": "survey.answerradio", 
  "fields": {
    "body": "S\u00ed", 
    "question": 35, 
    "response": 1
  }
},
{
  "pk": 4, 
  "model": "survey.answerradio", 
  "fields": {
    "body": "No", 
    "question": 34, 
    "response": 1
  }
},
{
  "pk": 5, 
  "model": "survey.answerradio", 
  "fields": {
    "body": "De acuerdo", 
    "question": 31, 
    "response": 1
  }
},
{
  "pk": 6, 
  "model": "survey.answerradio", 
  "fields": {
    "body": "De acuerdo", 
    "question": 30, 
    "response": 1
  }
},
{
  "pk": 7, 
  "model": "survey.answerradio", 
  "fields": {
    "body": "De acuerdo", 
    "question": 32, 
    "response": 1
  }
},
{
  "pk": 8, 
  "model": "survey.answerradio", 
  "fields": {
    "body": "En desacuerdo", 
    "question": 29, 
    "response": 1
  }
},
{
  "pk": 9, 
  "model": "survey.answerradio", 
  "fields": {
    "body": "De 4 a 7 d\u00edas a la semana", 
    "question": 7, 
    "response": 1
  }
},
{
  "pk": 10, 
  "model": "survey.answerradio", 
  "fields": {
    "body": "De 4 a 7 d\u00edas a la semana", 
    "question": 6, 
    "response": 1
  }
},
{
  "pk": 11, 
  "model": "survey.answerradio", 
  "fields": {
    "body": "Empresario", 
    "question": 5, 
    "response": 1
  }
},
{
  "pk": 12, 
  "model": "survey.answerradio", 
  "fields": {
    "body": "Es m\u00e1s f\u00e1cil para \u00e9l/ella", 
    "question": 8, 
    "response": 1
  }
},
{
  "pk": 13, 
  "model": "survey.answerradio", 
  "fields": {
    "body": "Solo", 
    "question": 88, 
    "response": 1
  }
},
{
  "pk": 14, 
  "model": "survey.answerradio", 
  "fields": {
    "body": "En computador", 
    "question": 108, 
    "response": 3
  }
},
{
  "pk": 15, 
  "model": "survey.answerradio", 
  "fields": {
    "body": "Mas de 5 horas", 
    "question": 89, 
    "response": 3
  }
},
{
  "pk": 16, 
  "model": "survey.answerradio", 
  "fields": {
    "body": "S\u00ed", 
    "question": 35, 
    "response": 3
  }
},
{
  "pk": 17, 
  "model": "survey.answerradio", 
  "fields": {
    "body": "No", 
    "question": 34, 
    "response": 3
  }
},
{
  "pk": 18, 
  "model": "survey.answerradio", 
  "fields": {
    "body": "De acuerdo", 
    "question": 31, 
    "response": 3
  }
},
{
  "pk": 19, 
  "model": "survey.answerradio", 
  "fields": {
    "body": "De acuerdo", 
    "question": 30, 
    "response": 3
  }
},
{
  "pk": 20, 
  "model": "survey.answerradio", 
  "fields": {
    "body": "De acuerdo", 
    "question": 32, 
    "response": 3
  }
},
{
  "pk": 21, 
  "model": "survey.answerradio", 
  "fields": {
    "body": "En desacuerdo", 
    "question": 29, 
    "response": 3
  }
},
{
  "pk": 22, 
  "model": "survey.answerradio", 
  "fields": {
    "body": "De 4 a 7 d\u00edas a la semana", 
    "question": 7, 
    "response": 3
  }
},
{
  "pk": 23, 
  "model": "survey.answerradio", 
  "fields": {
    "body": "De 4 a 7 d\u00edas a la semana", 
    "question": 6, 
    "response": 3
  }
},
{
  "pk": 24, 
  "model": "survey.answerradio", 
  "fields": {
    "body": "Empresario", 
    "question": 5, 
    "response": 3
  }
},
{
  "pk": 25, 
  "model": "survey.answerradio", 
  "fields": {
    "body": "Es m\u00e1s f\u00e1cil para \u00e9l/ella", 
    "question": 8, 
    "response": 3
  }
},
{
  "pk": 26, 
  "model": "survey.answerradio", 
  "fields": {
    "body": "Solo", 
    "question": 88, 
    "response": 3
  }
},
{
  "pk": 1, 
  "model": "survey.answerselect", 
  "fields": {
    "body": "3", 
    "question": 13, 
    "response": 1
  }
},
{
  "pk": 2, 
  "model": "survey.answerselect", 
  "fields": {
    "body": "3", 
    "question": 12, 
    "response": 1
  }
},
{
  "pk": 3, 
  "model": "survey.answerselect", 
  "fields": {
    "body": "3", 
    "question": 11, 
    "response": 1
  }
},
{
  "pk": 4, 
  "model": "survey.answerselect", 
  "fields": {
    "body": "3", 
    "question": 10, 
    "response": 1
  }
},
{
  "pk": 5, 
  "model": "survey.answerselect", 
  "fields": {
    "body": "1", 
    "question": 17, 
    "response": 1
  }
},
{
  "pk": 6, 
  "model": "survey.answerselect", 
  "fields": {
    "body": "3", 
    "question": 16, 
    "response": 1
  }
},
{
  "pk": 7, 
  "model": "survey.answerselect", 
  "fields": {
    "body": "2", 
    "question": 15, 
    "response": 1
  }
},
{
  "pk": 8, 
  "model": "survey.answerselect", 
  "fields": {
    "body": "3", 
    "question": 14, 
    "response": 1
  }
},
{
  "pk": 9, 
  "model": "survey.answerselect", 
  "fields": {
    "body": "3", 
    "question": 19, 
    "response": 1
  }
},
{
  "pk": 10, 
  "model": "survey.answerselect", 
  "fields": {
    "body": "1", 
    "question": 18, 
    "response": 1
  }
},
{
  "pk": 11, 
  "model": "survey.answerselect", 
  "fields": {
    "body": "3", 
    "question": 93, 
    "response": 1
  }
},
{
  "pk": 12, 
  "model": "survey.answerselect", 
  "fields": {
    "body": "2", 
    "question": 92, 
    "response": 1
  }
},
{
  "pk": 13, 
  "model": "survey.answerselect", 
  "fields": {
    "body": "3", 
    "question": 91, 
    "response": 1
  }
},
{
  "pk": 14, 
  "model": "survey.answerselect", 
  "fields": {
    "body": "3", 
    "question": 90, 
    "response": 1
  }
},
{
  "pk": 15, 
  "model": "survey.answerselect", 
  "fields": {
    "body": "1", 
    "question": 97, 
    "response": 1
  }
},
{
  "pk": 16, 
  "model": "survey.answerselect", 
  "fields": {
    "body": "2", 
    "question": 96, 
    "response": 1
  }
},
{
  "pk": 17, 
  "model": "survey.answerselect", 
  "fields": {
    "body": "1", 
    "question": 95, 
    "response": 1
  }
},
{
  "pk": 18, 
  "model": "survey.answerselect", 
  "fields": {
    "body": "1", 
    "question": 94, 
    "response": 1
  }
},
{
  "pk": 19, 
  "model": "survey.answerselect", 
  "fields": {
    "body": "3", 
    "question": 104, 
    "response": 1
  }
},
{
  "pk": 20, 
  "model": "survey.answerselect", 
  "fields": {
    "body": "3", 
    "question": 105, 
    "response": 1
  }
},
{
  "pk": 21, 
  "model": "survey.answerselect", 
  "fields": {
    "body": "3", 
    "question": 106, 
    "response": 1
  }
},
{
  "pk": 22, 
  "model": "survey.answerselect", 
  "fields": {
    "body": "1", 
    "question": 107, 
    "response": 1
  }
},
{
  "pk": 23, 
  "model": "survey.answerselect", 
  "fields": {
    "body": "3", 
    "question": 100, 
    "response": 1
  }
},
{
  "pk": 24, 
  "model": "survey.answerselect", 
  "fields": {
    "body": "3", 
    "question": 101, 
    "response": 1
  }
},
{
  "pk": 25, 
  "model": "survey.answerselect", 
  "fields": {
    "body": "3", 
    "question": 102, 
    "response": 1
  }
},
{
  "pk": 26, 
  "model": "survey.answerselect", 
  "fields": {
    "body": "3", 
    "question": 103, 
    "response": 1
  }
},
{
  "pk": 27, 
  "model": "survey.answerselect", 
  "fields": {
    "body": "A veces", 
    "question": 66, 
    "response": 1
  }
},
{
  "pk": 28, 
  "model": "survey.answerselect", 
  "fields": {
    "body": "A veces", 
    "question": 67, 
    "response": 1
  }
},
{
  "pk": 29, 
  "model": "survey.answerselect", 
  "fields": {
    "body": "A veces", 
    "question": 65, 
    "response": 1
  }
},
{
  "pk": 30, 
  "model": "survey.answerselect", 
  "fields": {
    "body": "A veces", 
    "question": 68, 
    "response": 1
  }
},
{
  "pk": 31, 
  "model": "survey.answerselect", 
  "fields": {
    "body": "A veces", 
    "question": 69, 
    "response": 1
  }
},
{
  "pk": 32, 
  "model": "survey.answerselect", 
  "fields": {
    "body": "Siempre", 
    "question": 45, 
    "response": 1
  }
},
{
  "pk": 33, 
  "model": "survey.answerselect", 
  "fields": {
    "body": "A veces", 
    "question": 80, 
    "response": 1
  }
},
{
  "pk": 34, 
  "model": "survey.answerselect", 
  "fields": {
    "body": "Siempre", 
    "question": 81, 
    "response": 1
  }
},
{
  "pk": 35, 
  "model": "survey.answerselect", 
  "fields": {
    "body": "A veces", 
    "question": 82, 
    "response": 1
  }
},
{
  "pk": 36, 
  "model": "survey.answerselect", 
  "fields": {
    "body": "A veces", 
    "question": 37, 
    "response": 1
  }
},
{
  "pk": 37, 
  "model": "survey.answerselect", 
  "fields": {
    "body": "Siempre", 
    "question": 39, 
    "response": 1
  }
},
{
  "pk": 38, 
  "model": "survey.answerselect", 
  "fields": {
    "body": "Siempre", 
    "question": 38, 
    "response": 1
  }
},
{
  "pk": 39, 
  "model": "survey.answerselect", 
  "fields": {
    "body": "2", 
    "question": 28, 
    "response": 1
  }
},
{
  "pk": 40, 
  "model": "survey.answerselect", 
  "fields": {
    "body": "2", 
    "question": 22, 
    "response": 1
  }
},
{
  "pk": 41, 
  "model": "survey.answerselect", 
  "fields": {
    "body": "1", 
    "question": 23, 
    "response": 1
  }
},
{
  "pk": 42, 
  "model": "survey.answerselect", 
  "fields": {
    "body": "1", 
    "question": 20, 
    "response": 1
  }
},
{
  "pk": 43, 
  "model": "survey.answerselect", 
  "fields": {
    "body": "2", 
    "question": 21, 
    "response": 1
  }
},
{
  "pk": 44, 
  "model": "survey.answerselect", 
  "fields": {
    "body": "2", 
    "question": 26, 
    "response": 1
  }
},
{
  "pk": 45, 
  "model": "survey.answerselect", 
  "fields": {
    "body": "2", 
    "question": 27, 
    "response": 1
  }
},
{
  "pk": 46, 
  "model": "survey.answerselect", 
  "fields": {
    "body": "1", 
    "question": 24, 
    "response": 1
  }
},
{
  "pk": 47, 
  "model": "survey.answerselect", 
  "fields": {
    "body": "2", 
    "question": 25, 
    "response": 1
  }
},
{
  "pk": 48, 
  "model": "survey.answerselect", 
  "fields": {
    "body": "Universidad completa", 
    "question": 3, 
    "response": 1
  }
},
{
  "pk": 49, 
  "model": "survey.answerselect", 
  "fields": {
    "body": "Quinto", 
    "question": 2, 
    "response": 1
  }
},
{
  "pk": 50, 
  "model": "survey.answerselect", 
  "fields": {
    "body": "A veces", 
    "question": 50, 
    "response": 1
  }
},
{
  "pk": 51, 
  "model": "survey.answerselect", 
  "fields": {
    "body": "Siempre", 
    "question": 48, 
    "response": 1
  }
},
{
  "pk": 52, 
  "model": "survey.answerselect", 
  "fields": {
    "body": "Siempre", 
    "question": 49, 
    "response": 1
  }
},
{
  "pk": 53, 
  "model": "survey.answerselect", 
  "fields": {
    "body": "Siempre", 
    "question": 44, 
    "response": 1
  }
},
{
  "pk": 54, 
  "model": "survey.answerselect", 
  "fields": {
    "body": "A veces", 
    "question": 46, 
    "response": 1
  }
},
{
  "pk": 55, 
  "model": "survey.answerselect", 
  "fields": {
    "body": "Nunca", 
    "question": 47, 
    "response": 1
  }
},
{
  "pk": 56, 
  "model": "survey.answerselect", 
  "fields": {
    "body": "Siempre", 
    "question": 40, 
    "response": 1
  }
},
{
  "pk": 57, 
  "model": "survey.answerselect", 
  "fields": {
    "body": "A veces", 
    "question": 41, 
    "response": 1
  }
},
{
  "pk": 58, 
  "model": "survey.answerselect", 
  "fields": {
    "body": "Nunca", 
    "question": 42, 
    "response": 1
  }
},
{
  "pk": 59, 
  "model": "survey.answerselect", 
  "fields": {
    "body": "Nunca", 
    "question": 43, 
    "response": 1
  }
},
{
  "pk": 60, 
  "model": "survey.answerselect", 
  "fields": {
    "body": "Siempre", 
    "question": 71, 
    "response": 1
  }
},
{
  "pk": 61, 
  "model": "survey.answerselect", 
  "fields": {
    "body": "Siempre", 
    "question": 70, 
    "response": 1
  }
},
{
  "pk": 62, 
  "model": "survey.answerselect", 
  "fields": {
    "body": "A veces", 
    "question": 73, 
    "response": 1
  }
},
{
  "pk": 63, 
  "model": "survey.answerselect", 
  "fields": {
    "body": "Siempre", 
    "question": 72, 
    "response": 1
  }
},
{
  "pk": 64, 
  "model": "survey.answerselect", 
  "fields": {
    "body": "Nunca", 
    "question": 75, 
    "response": 1
  }
},
{
  "pk": 65, 
  "model": "survey.answerselect", 
  "fields": {
    "body": "A veces", 
    "question": 74, 
    "response": 1
  }
},
{
  "pk": 66, 
  "model": "survey.answerselect", 
  "fields": {
    "body": "A veces", 
    "question": 77, 
    "response": 1
  }
},
{
  "pk": 67, 
  "model": "survey.answerselect", 
  "fields": {
    "body": "Nunca", 
    "question": 76, 
    "response": 1
  }
},
{
  "pk": 68, 
  "model": "survey.answerselect", 
  "fields": {
    "body": "Nunca", 
    "question": 79, 
    "response": 1
  }
},
{
  "pk": 69, 
  "model": "survey.answerselect", 
  "fields": {
    "body": "Nunca", 
    "question": 78, 
    "response": 1
  }
},
{
  "pk": 70, 
  "model": "survey.answerselect", 
  "fields": {
    "body": "3", 
    "question": 13, 
    "response": 3
  }
},
{
  "pk": 71, 
  "model": "survey.answerselect", 
  "fields": {
    "body": "3", 
    "question": 12, 
    "response": 3
  }
},
{
  "pk": 72, 
  "model": "survey.answerselect", 
  "fields": {
    "body": "3", 
    "question": 11, 
    "response": 3
  }
},
{
  "pk": 73, 
  "model": "survey.answerselect", 
  "fields": {
    "body": "3", 
    "question": 10, 
    "response": 3
  }
},
{
  "pk": 74, 
  "model": "survey.answerselect", 
  "fields": {
    "body": "1", 
    "question": 17, 
    "response": 3
  }
},
{
  "pk": 75, 
  "model": "survey.answerselect", 
  "fields": {
    "body": "3", 
    "question": 16, 
    "response": 3
  }
},
{
  "pk": 76, 
  "model": "survey.answerselect", 
  "fields": {
    "body": "2", 
    "question": 15, 
    "response": 3
  }
},
{
  "pk": 77, 
  "model": "survey.answerselect", 
  "fields": {
    "body": "3", 
    "question": 14, 
    "response": 3
  }
},
{
  "pk": 78, 
  "model": "survey.answerselect", 
  "fields": {
    "body": "3", 
    "question": 19, 
    "response": 3
  }
},
{
  "pk": 79, 
  "model": "survey.answerselect", 
  "fields": {
    "body": "1", 
    "question": 18, 
    "response": 3
  }
},
{
  "pk": 80, 
  "model": "survey.answerselect", 
  "fields": {
    "body": "3", 
    "question": 93, 
    "response": 3
  }
},
{
  "pk": 81, 
  "model": "survey.answerselect", 
  "fields": {
    "body": "2", 
    "question": 92, 
    "response": 3
  }
},
{
  "pk": 82, 
  "model": "survey.answerselect", 
  "fields": {
    "body": "3", 
    "question": 91, 
    "response": 3
  }
},
{
  "pk": 83, 
  "model": "survey.answerselect", 
  "fields": {
    "body": "3", 
    "question": 90, 
    "response": 3
  }
},
{
  "pk": 84, 
  "model": "survey.answerselect", 
  "fields": {
    "body": "1", 
    "question": 97, 
    "response": 3
  }
},
{
  "pk": 85, 
  "model": "survey.answerselect", 
  "fields": {
    "body": "2", 
    "question": 96, 
    "response": 3
  }
},
{
  "pk": 86, 
  "model": "survey.answerselect", 
  "fields": {
    "body": "1", 
    "question": 95, 
    "response": 3
  }
},
{
  "pk": 87, 
  "model": "survey.answerselect", 
  "fields": {
    "body": "1", 
    "question": 94, 
    "response": 3
  }
},
{
  "pk": 88, 
  "model": "survey.answerselect", 
  "fields": {
    "body": "2", 
    "question": 104, 
    "response": 3
  }
},
{
  "pk": 89, 
  "model": "survey.answerselect", 
  "fields": {
    "body": "3", 
    "question": 105, 
    "response": 3
  }
},
{
  "pk": 90, 
  "model": "survey.answerselect", 
  "fields": {
    "body": "3", 
    "question": 106, 
    "response": 3
  }
},
{
  "pk": 91, 
  "model": "survey.answerselect", 
  "fields": {
    "body": "1", 
    "question": 107, 
    "response": 3
  }
},
{
  "pk": 92, 
  "model": "survey.answerselect", 
  "fields": {
    "body": "3", 
    "question": 100, 
    "response": 3
  }
},
{
  "pk": 93, 
  "model": "survey.answerselect", 
  "fields": {
    "body": "3", 
    "question": 101, 
    "response": 3
  }
},
{
  "pk": 94, 
  "model": "survey.answerselect", 
  "fields": {
    "body": "3", 
    "question": 102, 
    "response": 3
  }
},
{
  "pk": 95, 
  "model": "survey.answerselect", 
  "fields": {
    "body": "3", 
    "question": 103, 
    "response": 3
  }
},
{
  "pk": 96, 
  "model": "survey.answerselect", 
  "fields": {
    "body": "A veces", 
    "question": 66, 
    "response": 3
  }
},
{
  "pk": 97, 
  "model": "survey.answerselect", 
  "fields": {
    "body": "A veces", 
    "question": 67, 
    "response": 3
  }
},
{
  "pk": 98, 
  "model": "survey.answerselect", 
  "fields": {
    "body": "A veces", 
    "question": 65, 
    "response": 3
  }
},
{
  "pk": 99, 
  "model": "survey.answerselect", 
  "fields": {
    "body": "A veces", 
    "question": 68, 
    "response": 3
  }
},
{
  "pk": 100, 
  "model": "survey.answerselect", 
  "fields": {
    "body": "A veces", 
    "question": 69, 
    "response": 3
  }
},
{
  "pk": 101, 
  "model": "survey.answerselect", 
  "fields": {
    "body": "Siempre", 
    "question": 45, 
    "response": 3
  }
},
{
  "pk": 102, 
  "model": "survey.answerselect", 
  "fields": {
    "body": "A veces", 
    "question": 80, 
    "response": 3
  }
},
{
  "pk": 103, 
  "model": "survey.answerselect", 
  "fields": {
    "body": "Siempre", 
    "question": 81, 
    "response": 3
  }
},
{
  "pk": 104, 
  "model": "survey.answerselect", 
  "fields": {
    "body": "A veces", 
    "question": 82, 
    "response": 3
  }
},
{
  "pk": 105, 
  "model": "survey.answerselect", 
  "fields": {
    "body": "A veces", 
    "question": 37, 
    "response": 3
  }
},
{
  "pk": 106, 
  "model": "survey.answerselect", 
  "fields": {
    "body": "Siempre", 
    "question": 39, 
    "response": 3
  }
},
{
  "pk": 107, 
  "model": "survey.answerselect", 
  "fields": {
    "body": "Siempre", 
    "question": 38, 
    "response": 3
  }
},
{
  "pk": 108, 
  "model": "survey.answerselect", 
  "fields": {
    "body": "2", 
    "question": 28, 
    "response": 3
  }
},
{
  "pk": 109, 
  "model": "survey.answerselect", 
  "fields": {
    "body": "2", 
    "question": 22, 
    "response": 3
  }
},
{
  "pk": 110, 
  "model": "survey.answerselect", 
  "fields": {
    "body": "1", 
    "question": 23, 
    "response": 3
  }
},
{
  "pk": 111, 
  "model": "survey.answerselect", 
  "fields": {
    "body": "1", 
    "question": 20, 
    "response": 3
  }
},
{
  "pk": 112, 
  "model": "survey.answerselect", 
  "fields": {
    "body": "2", 
    "question": 21, 
    "response": 3
  }
},
{
  "pk": 113, 
  "model": "survey.answerselect", 
  "fields": {
    "body": "2", 
    "question": 26, 
    "response": 3
  }
},
{
  "pk": 114, 
  "model": "survey.answerselect", 
  "fields": {
    "body": "2", 
    "question": 27, 
    "response": 3
  }
},
{
  "pk": 115, 
  "model": "survey.answerselect", 
  "fields": {
    "body": "1", 
    "question": 24, 
    "response": 3
  }
},
{
  "pk": 116, 
  "model": "survey.answerselect", 
  "fields": {
    "body": "2", 
    "question": 25, 
    "response": 3
  }
},
{
  "pk": 117, 
  "model": "survey.answerselect", 
  "fields": {
    "body": "Universidad completa", 
    "question": 3, 
    "response": 3
  }
},
{
  "pk": 118, 
  "model": "survey.answerselect", 
  "fields": {
    "body": "Cuarto", 
    "question": 2, 
    "response": 3
  }
},
{
  "pk": 119, 
  "model": "survey.answerselect", 
  "fields": {
    "body": "A veces", 
    "question": 50, 
    "response": 3
  }
},
{
  "pk": 120, 
  "model": "survey.answerselect", 
  "fields": {
    "body": "Siempre", 
    "question": 48, 
    "response": 3
  }
},
{
  "pk": 121, 
  "model": "survey.answerselect", 
  "fields": {
    "body": "Siempre", 
    "question": 49, 
    "response": 3
  }
},
{
  "pk": 122, 
  "model": "survey.answerselect", 
  "fields": {
    "body": "Siempre", 
    "question": 44, 
    "response": 3
  }
},
{
  "pk": 123, 
  "model": "survey.answerselect", 
  "fields": {
    "body": "A veces", 
    "question": 46, 
    "response": 3
  }
},
{
  "pk": 124, 
  "model": "survey.answerselect", 
  "fields": {
    "body": "Nunca", 
    "question": 47, 
    "response": 3
  }
},
{
  "pk": 125, 
  "model": "survey.answerselect", 
  "fields": {
    "body": "Siempre", 
    "question": 40, 
    "response": 3
  }
},
{
  "pk": 126, 
  "model": "survey.answerselect", 
  "fields": {
    "body": "A veces", 
    "question": 41, 
    "response": 3
  }
},
{
  "pk": 127, 
  "model": "survey.answerselect", 
  "fields": {
    "body": "Nunca", 
    "question": 42, 
    "response": 3
  }
},
{
  "pk": 128, 
  "model": "survey.answerselect", 
  "fields": {
    "body": "Nunca", 
    "question": 43, 
    "response": 3
  }
},
{
  "pk": 129, 
  "model": "survey.answerselect", 
  "fields": {
    "body": "Siempre", 
    "question": 71, 
    "response": 3
  }
},
{
  "pk": 130, 
  "model": "survey.answerselect", 
  "fields": {
    "body": "Siempre", 
    "question": 70, 
    "response": 3
  }
},
{
  "pk": 131, 
  "model": "survey.answerselect", 
  "fields": {
    "body": "A veces", 
    "question": 73, 
    "response": 3
  }
},
{
  "pk": 132, 
  "model": "survey.answerselect", 
  "fields": {
    "body": "Siempre", 
    "question": 72, 
    "response": 3
  }
},
{
  "pk": 133, 
  "model": "survey.answerselect", 
  "fields": {
    "body": "Nunca", 
    "question": 75, 
    "response": 3
  }
},
{
  "pk": 134, 
  "model": "survey.answerselect", 
  "fields": {
    "body": "A veces", 
    "question": 74, 
    "response": 3
  }
},
{
  "pk": 135, 
  "model": "survey.answerselect", 
  "fields": {
    "body": "A veces", 
    "question": 77, 
    "response": 3
  }
},
{
  "pk": 136, 
  "model": "survey.answerselect", 
  "fields": {
    "body": "Nunca", 
    "question": 76, 
    "response": 3
  }
},
{
  "pk": 137, 
  "model": "survey.answerselect", 
  "fields": {
    "body": "Nunca", 
    "question": 79, 
    "response": 3
  }
},
{
  "pk": 138, 
  "model": "survey.answerselect", 
  "fields": {
    "body": "Nunca", 
    "question": 78, 
    "response": 3
  }
},
{
  "pk": 1, 
  "model": "survey.answerselectmultiple", 
  "fields": {
    "body": "[u'Construir un blog; un diario; un peri\\xf3dico; un programa de radio y m\\xfasica', u'Aprender un idioma que no conozco']", 
    "question": 98, 
    "response": 1
  }
},
{
  "pk": 2, 
  "model": "survey.answerselectmultiple", 
  "fields": {
    "body": "[u'Facebook', u'Youtube']", 
    "question": 63, 
    "response": 1
  }
},
{
  "pk": 3, 
  "model": "survey.answerselectmultiple", 
  "fields": {
    "body": "[u'Me ayuda a pasar el tiempo', u'Me divierte']", 
    "question": 60, 
    "response": 1
  }
},
{
  "pk": 4, 
  "model": "survey.answerselectmultiple", 
  "fields": {
    "body": "[u'Hacer y recibir llamadas', u'Tomar fotos', u'Grabar videos', u'Conectarse a internet', u'Enviar y recibir correo electr\\xf3nico', u'Chatear', u'Ver videos', u'Conectarse a las redes sociales']", 
    "question": 61, 
    "response": 1
  }
},
{
  "pk": 5, 
  "model": "survey.answerselectmultiple", 
  "fields": {
    "body": "[u'Con amigos', u'Con sus hijos', u'Con otros familiares', u'Con sus compa\\xf1eros de trabajo']", 
    "question": 84, 
    "response": 1
  }
},
{
  "pk": 6, 
  "model": "survey.answerselectmultiple", 
  "fields": {
    "body": "[u'Solo', u'Con sus compa\\xf1eros de trabajo', u'Haciendo cursos virtuales']", 
    "question": 86, 
    "response": 1
  }
},
{
  "pk": 7, 
  "model": "survey.answerselectmultiple", 
  "fields": {
    "body": "[u'Ser\\xedan m\\xe1s interesantes', u'Le entender\\xeda m\\xe1s al profesor', u'Se distraer\\xeda con m\\xe1s facilidad']", 
    "question": 9, 
    "response": 1
  }
},
{
  "pk": 8, 
  "model": "survey.answerselectmultiple", 
  "fields": {
    "body": "[u'Me ayuda a pasar el tiempo', u'Me informa']", 
    "question": 59, 
    "response": 1
  }
},
{
  "pk": 9, 
  "model": "survey.answerselectmultiple", 
  "fields": {
    "body": "[u'Me divierte', u'Me informa', u'Me comunico con amigos y otras personas']", 
    "question": 58, 
    "response": 1
  }
},
{
  "pk": 10, 
  "model": "survey.answerselectmultiple", 
  "fields": {
    "body": "[u'Me ayuda a pasar el tiempo', u'Me divierte', u'Me informa', u'Me ense\\xf1a', u'Me comunico con amigos y otras personas']", 
    "question": 57, 
    "response": 1
  }
},
{
  "pk": 11, 
  "model": "survey.answerselectmultiple", 
  "fields": {
    "body": "[u'Computador con conexi\\xf3n a internet', u'Celular sin plan de datos', u'Consola de videojuegos', u'Tablet', u'Lector digital de libros', u'Televisor']", 
    "question": 56, 
    "response": 1
  }
},
{
  "pk": 12, 
  "model": "survey.answerselectmultiple", 
  "fields": {
    "body": "[u'Revisa la informaci\\xf3n que pone en redes sociales', u'Controla los horarios en que se conecta']", 
    "question": 54, 
    "response": 1
  }
},
{
  "pk": 13, 
  "model": "survey.answerselectmultiple", 
  "fields": {
    "body": "[u'En su casa', u'En la casa de sus amigos o familiares', u'En un lugar p\\xfablico como bibliotecas o centros comunitarios', u'En un lugar p\\xfablico con WIFI', u'En su sitio de trabajo']", 
    "question": 52, 
    "response": 1
  }
},
{
  "pk": 14, 
  "model": "survey.answerselectmultiple", 
  "fields": {
    "body": "[u'Construir un blog; un diario; un peri\\xf3dico; un programa de radio y m\\xfasica', u'Aprender un idioma que no conozco']", 
    "question": 98, 
    "response": 3
  }
},
{
  "pk": 15, 
  "model": "survey.answerselectmultiple", 
  "fields": {
    "body": "[u'Facebook', u'Youtube']", 
    "question": 63, 
    "response": 3
  }
},
{
  "pk": 16, 
  "model": "survey.answerselectmultiple", 
  "fields": {
    "body": "[u'Me ayuda a pasar el tiempo', u'Me divierte']", 
    "question": 60, 
    "response": 3
  }
},
{
  "pk": 17, 
  "model": "survey.answerselectmultiple", 
  "fields": {
    "body": "[u'Hacer y recibir llamadas', u'Tomar fotos', u'Grabar videos', u'Conectarse a internet', u'Enviar y recibir correo electr\\xf3nico', u'Chatear', u'Ver videos', u'Conectarse a las redes sociales']", 
    "question": 61, 
    "response": 3
  }
},
{
  "pk": 18, 
  "model": "survey.answerselectmultiple", 
  "fields": {
    "body": "[u'Con amigos', u'Con sus hijos', u'Con otros familiares', u'Con sus compa\\xf1eros de trabajo']", 
    "question": 84, 
    "response": 3
  }
},
{
  "pk": 19, 
  "model": "survey.answerselectmultiple", 
  "fields": {
    "body": "[u'Solo', u'Con sus compa\\xf1eros de trabajo', u'Haciendo cursos virtuales']", 
    "question": 86, 
    "response": 3
  }
},
{
  "pk": 20, 
  "model": "survey.answerselectmultiple", 
  "fields": {
    "body": "[u'Ser\\xedan m\\xe1s interesantes', u'Le entender\\xeda m\\xe1s al profesor', u'Se distraer\\xeda con m\\xe1s facilidad']", 
    "question": 9, 
    "response": 3
  }
},
{
  "pk": 21, 
  "model": "survey.answerselectmultiple", 
  "fields": {
    "body": "[u'Me ayuda a pasar el tiempo', u'Me informa']", 
    "question": 59, 
    "response": 3
  }
},
{
  "pk": 22, 
  "model": "survey.answerselectmultiple", 
  "fields": {
    "body": "[u'Me divierte', u'Me informa', u'Me comunico con amigos y otras personas']", 
    "question": 58, 
    "response": 3
  }
},
{
  "pk": 23, 
  "model": "survey.answerselectmultiple", 
  "fields": {
    "body": "[u'Me ayuda a pasar el tiempo', u'Me divierte', u'Me informa', u'Me ense\\xf1a', u'Me comunico con amigos y otras personas']", 
    "question": 57, 
    "response": 3
  }
},
{
  "pk": 24, 
  "model": "survey.answerselectmultiple", 
  "fields": {
    "body": "[u'Computador con conexi\\xf3n a internet', u'Celular sin plan de datos', u'Consola de videojuegos', u'Tablet', u'Lector digital de libros', u'Televisor']", 
    "question": 56, 
    "response": 3
  }
},
{
  "pk": 25, 
  "model": "survey.answerselectmultiple", 
  "fields": {
    "body": "[u'Revisa la informaci\\xf3n que pone en redes sociales', u'Controla los horarios en que se conecta']", 
    "question": 54, 
    "response": 3
  }
},
{
  "pk": 26, 
  "model": "survey.answerselectmultiple", 
  "fields": {
    "body": "[u'En su casa', u'En la casa de sus amigos o familiares', u'En un lugar p\\xfablico como bibliotecas o centros comunitarios', u'En un lugar p\\xfablico con WIFI', u'En su sitio de trabajo']", 
    "question": 52, 
    "response": 3
  }
}
]
